Workbook
Name Slicer_Platform: #N/A

Sheet (RAW)Posts
A1: Post ID | B1: Platform | C1: Date | D1: Content Type | E1: Post Text | F1: Likes | G1: Shares | H1: Comments | I1: Impressions | J1: Reach | K1: Clicks | L1: Hashtags Used | M1: Campaign_Name
A2: SP001 | B2: Instagram | C2: 45781 | D2: Text | E2: Discover fresh beats on Spotify! | F2: 2414 | G2: 245 | H2: 137 | I2: 21181 | J2: 45292 | K2: 133 | L2: #SoundtrackOfLife,#NowPlaying | M2: ChillVibes
A3: SP002 | B3: Instagram | C3: 45689 | D3: Text | E3: Explore the latest podcasts now. | F3: 1934 | G3: 210 | H3: 393 | I3: 29129 | J3: 73287 | K3: 273 | L3: #DiscoverWeekly | M3: IndieWave
A4: SP003 | B4: Twitter | C4: 45629 | D4: Story | E4: New music just dropped. Hit play! | F4: 3092 | G4: 177 | H4: 81 | I4: 47533 | J4: 29220 | K4: 121 | L4: #MusicForEveryone,#NowPlaying | M4: ChillVibes
A5: SP004 | B5: Instagram | C5: 45629 | D5: Text | E5: Wrapped is here! Relive your top tracks ðŸŽ§ | F5: 3173 | G5: 229 | H5: 197 | I5: 29604 | J5: 21809 | K5: 272 | L5: #SoundtrackOfLife,#NowPlaying | M5: ChillVibes
A6: SP005 | B6: YouTube | C6: 45388 | D6: Text | E6: Music that moves youâ€”only on Spotify. | F6: 2748 | G6: 145 | H6: 315 | I6: 24401 | J6: 61182 | K6: 200 | L6: #DiscoverWeekly,#SpotifyWrapped | M6: IndieWave
A7: SP006 | B7: YouTube | C7: 45456 | D7: Text | E7: Whatâ€™s your vibe today? #SpotifyHits | F7: 3882 | G7: 239 | H7: 275 | I7: 58748 | J7: 44646 | K7: 149 | L7: #DiscoverWeekly,#SpotifyWrapped | M7: IndieWave
A8: SP007 | B8: Twitter | C8: 45645 | D8: Story | E8: Get into the groove with our new drop! | F8: 4674 | G8: 409 | H8: 327 | I8: 20756 | J8: 63599 | K8: 212 | L8: #SoundtrackOfLife,#NowPlaying | M8: ChillVibes
A9: SP008 | B9: Twitter | C9: 45421 | D9: Story | E9: Wrapped is here! Relive your top tracks ðŸŽ§ | F9: 1428 | G9: 347 | H9: 67 | I9: 21148 | J9: 19712 | K9: 120 | L9: #DiscoverWeekly,#MusicForEveryone | M9: ChillVibes
A10: SP009 | B10: Twitter | C10: 45823 | D10: Text | E10: Top trending tracks updated daily! | F10: 4432 | G10: 223 | H10: 299 | I10: 59016 | J10: 21742 | K10: 171 | L10: #NowPlaying | M10: ChillVibes
A11: SP010 | B11: Twitter | C11: 45630 | D11: Text | E11: Wrapped is here! Relive your top tracks ðŸŽ§ | F11: 2357 | G11: 274 | H11: 172 | I11: 21566 | J11: 66829 | K11: 284 | L11: #NowPlaying | M11: ChillVibes
A12: SP011 | B12: Twitter | C12: 45357 | D12: Text | E12: Discover fresh beats on Spotify! | F12: 1971 | G12: 370 | H12: 306 | I12: 31316 | J12: 27897 | K12: 88 | L12: #SoundtrackOfLife | M12: IndieWave
A13: SP012 | B13: Instagram | C13: 45426 | D13: Text | E13: Discover fresh beats on Spotify! | F13: 1485 | G13: 353 | H13: 244 | I13: 38419 | J13: 38556 | K13: 86 | L13: #SoundtrackOfLife,#NowPlaying | M13: ChillVibes
... A301: SP300 | B301: Instagram | C301: 45329 | D301: Text | E301: Music that moves youâ€”only on Spotify. | F301: 1883 | G301: 432 | H301: 397 | I301: 28759 | J301: 18691 | K301: 270 | L301: #SoundtrackOfLife,#NowPlaying | M301: ChillVibes

Sheet (RAW)Engagement Summary
A1: Week_Start_Date | B1: Platform | C1: New_Followers | D1: Unfollows | E1: Total_Followers | F1: Engagement_Rate | G1: Ad_Spend
A2: 45446 | B2: Instagram | C2: 1402 | D2: 68 | E2: 124562 | F2: 9.92 | G2: 23125
A3: 45446 | B3: Twitter | C3: 995 | D3: 86 | E3: 227958 | F3: 8.05 | G3: 22788
A4: 45446 | B4: YouTube | C4: 1472 | D4: 296 | E4: 370242 | F4: 7.72 | G4: 7810
A5: 45453 | B5: Instagram | C5: 1018 | D5: 90 | E5: 92474 | F5: 9.4 | G5: 11966
A6: 45453 | B6: Twitter | C6: 1461 | D6: 64 | E6: 328902 | F6: 9.02 | G6: 26298
A7: 45453 | B7: YouTube | C7: 545 | D7: 93 | E7: 391621 | F7: 9.96 | G7: 22029
A8: 45460 | B8: Instagram | C8: 881 | D8: 291 | E8: 95885 | F8: 5.29 | G8: 12391
A9: 45460 | B9: Twitter | C9: 1414 | D9: 131 | E9: 245947 | F9: 8.3 | G9: 14477
A10: 45460 | B10: YouTube | C10: 1472 | D10: 170 | E10: 250428 | F10: 4.66 | G10: 25040
A11: 45467 | B11: Instagram | C11: 809 | D11: 197 | E11: 87186 | F11: 9.48 | G11: 22619
A12: 45467 | B12: Twitter | C12: 1371 | D12: 250 | E12: 128620 | F12: 7.11 | G12: 12399
A13: 45467 | B13: YouTube | C13: 844 | D13: 144 | E13: 126015 | F13: 9.65 | G13: 22456
... A201: 45908 | B201: Twitter | C201: 860 | D201: 244 | E201: 348686 | F201: 5.12 | G201: 11418

Sheet (RAW)Campaign Metadata
A1: Campaign_Name | B1: Start_Date | C1: End_Date | D1: Objective | E1: Total_Budget | F1: Target_Platforms | G1: Primary_Hashtags
A2: SummerBeats | B2: 2024-06-15 | C2: 2024-07-15 | D2: Brand Awareness | E2: 175000 | F2: Instagram,YouTube | G2: #SpotifyWrapped,#MusicForEveryone
A3: Wrapped2024 | B3: 2024-12-01 | C3: 2024-12-31 | D3: Engagement | E3: 225000 | F3: Twitter,YouTube | G3: #SpotifyWrapped,#NowPlaying
A4: ChillVibes | B4: 2025-01-10 | C4: 2025-02-10 | D4: Product Launch | E4: 200000 | F4: Instagram,Twitter | G4: #ChillVibes,#SoundtrackOfLife
A5: IndieWave | B5: 2025-03-01 | C5: 2025-03-31 | D5: Traffic | E5: 160000 | F5: Facebook,Instagram | G5: #DiscoverWeekly,#IndieWave

Sheet Task 1
A1: Post ID | B1: Platform | C1: Date | D1: Content Type | E1: Post Text | F1: Likes | G1: Shares | H1: Comments | I1: Impressions | J1: Reach | K1: Clicks | L1: Hashtags Used.1 | M1: Hashtags Used.2 | N1: Campaign_Name | O1: period | P1: Avg. Before | Q1: Avg. During | R1: calculate uplift % | S1: engagement rate
A2: SP001 | B2: Instagram | C2: 45781 | D2: Text | E2: Discover fresh beats on Spotify! | F2: 2414 | G2: 245 | H2: 137 | I2: 21181 | J2: 45292 | K2: 133 | L2: #SoundtrackOfLife | M2: #NowPlaying | N2: ChillVibes | O2: =IF(AND(C2>='Task 1.2'!$B$2,C2<='Task 1.2'!$C$2),"During","Before") -> Before | P2: =AVERAGEIF(O2:O300,"Before",Posts[[#This Row],[engagement rate]]) -> 9.7610069 | Q2: =AVERAGEIF($O$2:$O$300, "During",S2:S300) -> 10.163581 | R2: =Posts[[#This Row],[Avg. During]]-Posts[[#This Row],[Avg. Before]]/Posts[[#This Row],[Avg. Before]] -> 9.1635815 | S2: 13.828431
A3: SP002 | B3: Instagram | C3: 45689 | D3: Text | E3: Explore the latest podcasts now. | F3: 1934 | G3: 210 | H3: 393 | I3: 29129 | J3: 73287 | K3: 273 | L3: #DiscoverWeekly | M3: Null | N3: IndieWave | O3: =IF(AND(C3>='Task 1.2'!$B$2,C3<='Task 1.2'!$C$2),"During","Before") -> Before | P3: =AVERAGEIF(O3:O301,"Before",Posts[[#This Row],[engagement rate]]) -> 9.7464804 | Q3: =AVERAGEIF($O$2:$O$300, "During",S3:S301) -> 10.605537 | R3: =Posts[[#This Row],[Avg. During]]-Posts[[#This Row],[Avg. Before]]/Posts[[#This Row],[Avg. Before]] -> 9.6055368 | S3: 9.6467438
A4: SP003 | B4: Twitter | C4: 45629 | D4: Story | E4: New music just dropped. Hit play! | F4: 3092 | G4: 177 | H4: 81 | I4: 47533 | J4: 29220 | K4: 121 | L4: #MusicForEveryone | M4: #NowPlaying | N4: ChillVibes | O4: =IF(AND(C4>='Task 1.2'!$B$2,C4<='Task 1.2'!$C$2),"During","Before") -> Before | P4: =AVERAGEIF(O4:O302,"Before",Posts[[#This Row],[engagement rate]]) -> 9.7468379 | Q4: =AVERAGEIF($O$2:$O$300, "During",S4:S302) -> 10.282142 | R4: =Posts[[#This Row],[Avg. During]]-Posts[[#This Row],[Avg. Before]]/Posts[[#This Row],[Avg. Before]] -> 9.2821422 | S4: 7.3022952
A5: SP004 | B5: Instagram | C5: 45629 | D5: Text | E5: Wrapped is here! Relive your top tracks ðŸŽ§ | F5: 3173 | G5: 229 | H5: 197 | I5: 29604 | J5: 21809 | K5: 272 | L5: #SoundtrackOfLife | M5: #NowPlaying | N5: ChillVibes | O5: =IF(AND(C5>='Task 1.2'!$B$2,C5<='Task 1.2'!$C$2),"During","Before") -> Before | P5: =AVERAGEIF(O5:O303,"Before",Posts[[#This Row],[engagement rate]]) -> 9.7556312 | Q5: =AVERAGEIF($O$2:$O$300, "During",S5:S303) -> 10.913119 | R5: =Posts[[#This Row],[Avg. During]]-Posts[[#This Row],[Avg. Before]]/Posts[[#This Row],[Avg. Before]] -> 9.9131194 | S5: 13.075936
A6: SP005 | B6: YouTube | C6: 45388 | D6: Text | E6: Music that moves youâ€”only on Spotify. | F6: 2748 | G6: 145 | H6: 315 | I6: 24401 | J6: 61182 | K6: 200 | L6: #DiscoverWeekly | M6: #SpotifyWrapped | N6: IndieWave | O6: =IF(AND(C6>='Task 1.2'!$B$2,C6<='Task 1.2'!$C$2),"During","Before") -> Before | P6: =AVERAGEIF(O6:O304,"Before",Posts[[#This Row],[engagement rate]]) -> 9.7436445 | Q6: =AVERAGEIF($O$2:$O$300, "During",S6:S304) -> 9.9255448 | R6: =Posts[[#This Row],[Avg. During]]-Posts[[#This Row],[Avg. Before]]/Posts[[#This Row],[Avg. Before]] -> 8.9255448 | S6: 13.966641
A7: SP006 | B7: YouTube | C7: 45456 | D7: Text | E7: Whatâ€™s your vibe today? #SpotifyHits | F7: 3882 | G7: 239 | H7: 275 | I7: 58748 | J7: 44646 | K7: 149 | L7: #DiscoverWeekly | M7: #SpotifyWrapped | N7: IndieWave | O7: =IF(AND(C7>='Task 1.2'!$B$2,C7<='Task 1.2'!$C$2),"During","Before") -> Before | P7: =AVERAGEIF(O7:O305,"Before",Posts[[#This Row],[engagement rate]]) -> 9.7283438 | Q7: =AVERAGEIF($O$2:$O$300, "During",S7:S305) -> 10.019713 | R7: =Posts[[#This Row],[Avg. During]]-Posts[[#This Row],[Avg. Before]]/Posts[[#This Row],[Avg. Before]] -> 9.0197133 | S7: 7.7364336
A8: SP007 | B8: Twitter | C8: 45645 | D8: Story | E8: Get into the groove with our new drop! | F8: 4674 | G8: 409 | H8: 327 | I8: 20756 | J8: 63599 | K8: 212 | L8: #SoundtrackOfLife | M8: #NowPlaying | N8: ChillVibes | O8: =IF(AND(C8>='Task 1.2'!$B$2,C8<='Task 1.2'!$C$2),"During","Before") -> Before | P8: =AVERAGEIF(O8:O306,"Before",Posts[[#This Row],[engagement rate]]) -> 9.7355871 | Q8: =AVERAGEIF($O$2:$O$300, "During",S8:S306) -> 8.2690895 | R8: =Posts[[#This Row],[Avg. During]]-Posts[[#This Row],[Avg. Before]]/Posts[[#This Row],[Avg. Before]] -> 7.2690895 | S8: 27.086144
A9: SP008 | B9: Twitter | C9: 45421 | D9: Story | E9: Wrapped is here! Relive your top tracks ðŸŽ§ | F9: 1428 | G9: 347 | H9: 67 | I9: 21148 | J9: 19712 | K9: 120 | L9: #DiscoverWeekly | M9: #MusicForEveryone | N9: ChillVibes | O9: =IF(AND(C9>='Task 1.2'!$B$2,C9<='Task 1.2'!$C$2),"During","Before") -> Before | P9: =AVERAGEIF(O9:O307,"Before",Posts[[#This Row],[engagement rate]]) -> 9.6722639 | Q9: =AVERAGEIF($O$2:$O$300, "During",S9:S307) -> 8.5929799 | R9: =Posts[[#This Row],[Avg. During]]-Posts[[#This Row],[Avg. Before]]/Posts[[#This Row],[Avg. Before]] -> 7.5929799 | S9: 9.277473
A10: SP009 | B10: Twitter | C10: 45823 | D10: Text | E10: Top trending tracks updated daily! | F10: 4432 | G10: 223 | H10: 299 | I10: 59016 | J10: 21742 | K10: 171 | L10: #NowPlaying | M10: Null | N10: ChillVibes | O10: =IF(AND(C10>='Task 1.2'!$B$2,C10<='Task 1.2'!$C$2),"During","Before") -> Before | P10: =AVERAGEIF(O10:O308,"Before",Posts[[#This Row],[engagement rate]]) -> 9.67371 | Q10: =AVERAGEIF($O$2:$O$300, "During",S10:S308) -> 9.2235107 | R10: =Posts[[#This Row],[Avg. During]]-Posts[[#This Row],[Avg. Before]]/Posts[[#This Row],[Avg. Before]] -> 8.2235107 | S10: 8.6840857
A11: SP010 | B11: Twitter | C11: 45630 | D11: Text | E11: Wrapped is here! Relive your top tracks ðŸŽ§ | F11: 2357 | G11: 274 | H11: 172 | I11: 21566 | J11: 66829 | K11: 284 | L11: #NowPlaying | M11: Null | N11: ChillVibes | O11: =IF(AND(C11>='Task 1.2'!$B$2,C11<='Task 1.2'!$C$2),"During","Before") -> Before | P11: =AVERAGEIF(O11:O309,"Before",Posts[[#This Row],[engagement rate]]) -> 9.6773484 | Q11: =AVERAGEIF($O$2:$O$300, "During",S11:S309) -> 8.5197495 | R11: =Posts[[#This Row],[Avg. During]]-Posts[[#This Row],[Avg. Before]]/Posts[[#This Row],[Avg. Before]] -> 7.5197495 | S11: 14.314198
A12: SP011 | B12: Twitter | C12: 45357 | D12: Text | E12: Discover fresh beats on Spotify! | F12: 1971 | G12: 370 | H12: 306 | I12: 31316 | J12: 27897 | K12: 88 | L12: #SoundtrackOfLife | M12: Null | N12: IndieWave | O12: =IF(AND(C12>='Task 1.2'!$B$2,C12<='Task 1.2'!$C$2),"During","Before") -> Before | P12: =AVERAGEIF(O12:O310,"Before",Posts[[#This Row],[engagement rate]]) -> 9.6602382 | Q12: =AVERAGEIF($O$2:$O$300, "During",S12:S310) -> 9.0401894 | R12: =Posts[[#This Row],[Avg. During]]-Posts[[#This Row],[Avg. Before]]/Posts[[#This Row],[Avg. Before]] -> 8.0401894 | S12: 8.7335547
A13: SP012 | B13: Instagram | C13: 45426 | D13: Text | E13: Discover fresh beats on Spotify! | F13: 1485 | G13: 353 | H13: 244 | I13: 38419 | J13: 38556 | K13: 86 | L13: #SoundtrackOfLife | M13: #NowPlaying | N13: ChillVibes | O13: =IF(AND(C13>='Task 1.2'!$B$2,C13<='Task 1.2'!$C$2),"During","Before") -> Before | P13: =AVERAGEIF(O13:O311,"Before",Posts[[#This Row],[engagement rate]]) -> 9.6636704 | Q13: =AVERAGEIF($O$2:$O$300, "During",S13:S311) -> 9.2822899 | R13: =Posts[[#This Row],[Avg. During]]-Posts[[#This Row],[Avg. Before]]/Posts[[#This Row],[Avg. Before]] -> 8.2822899 | S13: 5.6430412
... A282: SP281 | B282: Instagram | C282: 45298 | D282: Text | E282: Top trending tracks updated daily! | F282: 4931 | G282: 469 | H282: 193 | I282: 56701 | J282: 69437 | K282: 291 | L282: #SoundtrackOfLife | M282: #NowPlaying | N282: ChillVibes | O282: =IF(AND(C282>='Task 1.2'!$B$2,C282<='Task 1.2'!$C$2),"During","Before") -> Before | P282: =AVERAGEIF(O282:O580,"Before",Posts[[#This Row],[engagement rate]]) -> 8.9593523 | Q282: =AVERAGEIF($O$2:$O$300, "During",S282:S580) -> 6.0444135 | R282: =Posts[[#This Row],[Avg. During]]-Posts[[#This Row],[Avg. Before]]/Posts[[#This Row],[Avg. Before]] -> 5.0444135 | S282: 10.377242
A283: SP282 | B283: Twitter | C283: 45343 | D283: Story | E283: Get into the groove with our new drop! | F283: 2604 | G283: 439 | H283: 148 | I283: 58468 | J283: 39629 | K283: 163 | L283: #MusicForEveryone | M283: #NowPlaying | N283: ChillVibes | O283: =IF(AND(C283>='Task 1.2'!$B$2,C283<='Task 1.2'!$C$2),"During","Before") -> Before | P283: =AVERAGEIF(O283:O581,"Before",Posts[[#This Row],[engagement rate]]) -> 8.8707342 | Q283: 13.292406 | R283: =Posts[[#This Row],[Avg. During]]-Posts[[#This Row],[Avg. Before]]/Posts[[#This Row],[Avg. Before]] -> 12.292406 | S283: 5.7364712
A284: SP283 | B284: Instagram | C284: 45531 | D284: Text | E284: Music that moves youâ€”only on Spotify. | F284: 4197 | G284: 359 | H284: 280 | I284: 56048 | J284: 70930 | K284: 295 | L284: #DiscoverWeekly | M284: Null | N284: IndieWave | O284: =IF(AND(C284>='Task 1.2'!$B$2,C284<='Task 1.2'!$C$2),"During","Before") -> Before | P284: =AVERAGEIF(O284:O582,"Before",Posts[[#This Row],[engagement rate]]) -> 9.079685 | Q284: 11.559939 | R284: =Posts[[#This Row],[Avg. During]]-Posts[[#This Row],[Avg. Before]]/Posts[[#This Row],[Avg. Before]] -> 10.559939 | S284: 9.1546532
A285: SP284 | B285: Instagram | C285: 45589 | D285: Story | E285: Top trending tracks updated daily! | F285: 1914 | G285: 255 | H285: 156 | I285: 27660 | J285: 47776 | K285: 111 | L285: #NowPlaying | M285: Null | N285: Wrapped2024 | O285: =IF(AND(C285>='Task 1.2'!$B$2,C285<='Task 1.2'!$C$2),"During","Before") -> Before | P285: =AVERAGEIF(O285:O583,"Before",Posts[[#This Row],[engagement rate]]) -> 9.0743302 | Q285: 10.20836 | R285: =Posts[[#This Row],[Avg. During]]-Posts[[#This Row],[Avg. Before]]/Posts[[#This Row],[Avg. Before]] -> 9.2083603 | S285: 8.8069414
A286: SP285 | B286: YouTube | C286: 45686 | D286: Text | E286: New music just dropped. Hit play! | F286: 1334 | G286: 357 | H286: 257 | I286: 56910 | J286: 70606 | K286: 228 | L286: #DiscoverWeekly | M286: #SpotifyWrapped | N286: IndieWave | O286: =IF(AND(C286>='Task 1.2'!$B$2,C286<='Task 1.2'!$C$2),"During","Before") -> Before | P286: =AVERAGEIF(O286:O584,"Before",Posts[[#This Row],[engagement rate]]) -> 9.0948985 | Q286: 13.588589 | R286: =Posts[[#This Row],[Avg. During]]-Posts[[#This Row],[Avg. Before]]/Posts[[#This Row],[Avg. Before]] -> 12.588589 | S286: 3.8235811
A287: SP286 | B287: Instagram | C287: 45413 | D287: Text | E287: Get into the groove with our new drop! | F287: 3359 | G287: 137 | H287: 387 | I287: 33861 | J287: 47257 | K287: 198 | L287: #DiscoverWeekly | M287: Null | N287: IndieWave | O287: =IF(AND(C287>='Task 1.2'!$B$2,C287<='Task 1.2'!$C$2),"During","Before") -> Before | P287: =AVERAGEIF(O287:O585,"Before",Posts[[#This Row],[engagement rate]]) -> 9.534175 | Q287: 11.973047 | R287: =Posts[[#This Row],[Avg. During]]-Posts[[#This Row],[Avg. Before]]/Posts[[#This Row],[Avg. Before]] -> 10.973047 | S287: 12.052213
A288: SP287 | B288: YouTube | C288: 45468 | D288: Text | E288: Your weekend playlist is waiting. | F288: 2172 | G288: 338 | H288: 70 | I288: 30515 | J288: 57853 | K288: 156 | L288: #DiscoverWeekly | M288: #SpotifyWrapped | N288: IndieWave | O288: =IF(AND(C288>='Task 1.2'!$B$2,C288<='Task 1.2'!$C$2),"During","Before") -> During | P288: =AVERAGEIF(O288:O586,"Before",Posts[[#This Row],[engagement rate]]) -> 9.3052624 | Q288: 8.1771086 | R288: =Posts[[#This Row],[Avg. During]]-Posts[[#This Row],[Avg. Before]]/Posts[[#This Row],[Avg. Before]] -> 7.1771086 | S288: 8.9660823
A289: SP288 | B289: Twitter | C289: 45513 | D289: Story | E289: From pop to podcasts, itâ€™s all here. | F289: 4877 | G289: 442 | H289: 236 | I289: 52673 | J289: 48241 | K289: 114 | L289: #DiscoverWeekly | M289: #MusicForEveryone | N289: ChillVibes | O289: =IF(AND(C289>='Task 1.2'!$B$2,C289<='Task 1.2'!$C$2),"During","Before") -> Before | P289: =AVERAGEIF(O289:O587,"Before",Posts[[#This Row],[engagement rate]]) -> 9.3052624 | Q289: 9.2760117 | R289: =Posts[[#This Row],[Avg. During]]-Posts[[#This Row],[Avg. Before]]/Posts[[#This Row],[Avg. Before]] -> 8.2760117 | S289: 10.76263
A290: SP289 | B290: Instagram | C290: 45678 | D290: Story | E290: New music just dropped. Hit play! | F290: 4918 | G290: 440 | H290: 149 | I290: 53269 | J290: 64370 | K290: 269 | L290: #NowPlaying | M290: Null | N290: Wrapped2024 | O290: =IF(AND(C290>='Task 1.2'!$B$2,C290<='Task 1.2'!$C$2),"During","Before") -> Before | P290: =AVERAGEIF(O290:O588,"Before",Posts[[#This Row],[engagement rate]]) -> 9.1595256 | Q290: 9.0014452 | R290: =Posts[[#This Row],[Avg. During]]-Posts[[#This Row],[Avg. Before]]/Posts[[#This Row],[Avg. Before]] -> 8.0014452 | S290: 10.843079
A291: SP290 | B291: Twitter | C291: 45517 | D291: Text | E291: Explore the latest podcasts now. | F291: 3418 | G291: 107 | H291: 221 | I291: 23927 | J291: 26182 | K291: 155 | L291: #SoundtrackOfLife | M291: Null | N291: IndieWave | O291: =IF(AND(C291>='Task 1.2'!$B$2,C291<='Task 1.2'!$C$2),"During","Before") -> Before | P291: =AVERAGEIF(O291:O589,"Before",Posts[[#This Row],[engagement rate]]) -> 8.9724641 | Q291: 12.329657 | R291: =Posts[[#This Row],[Avg. During]]-Posts[[#This Row],[Avg. Before]]/Posts[[#This Row],[Avg. Before]] -> 11.329657 | S291: 16.303757
A292: SP291 | B292: Instagram | C292: 45472 | D292: Text | E292: Your weekend playlist is waiting. | F292: 2088 | G292: 490 | H292: 124 | I292: 46544 | J292: 69346 | K292: 178 | L292: #SoundtrackOfLife | M292: #NowPlaying | N292: ChillVibes | O292: =IF(AND(C292>='Task 1.2'!$B$2,C292<='Task 1.2'!$C$2),"During","Before") -> During | P292: =AVERAGEIF(O292:O590,"Before",Posts[[#This Row],[engagement rate]]) -> 8.0560525 | Q292: 10.019513 | R292: =Posts[[#This Row],[Avg. During]]-Posts[[#This Row],[Avg. Before]]/Posts[[#This Row],[Avg. Before]] -> 9.0195131 | S292: 6.1876934
A293: SP292 | B293: Twitter | C293: 45599 | D293: Story | E293: Explore the latest podcasts now. | F293: 3061 | G293: 320 | H293: 76 | I293: 26640 | J293: 24306 | K293: 112 | L293: #MusicForEveryone | M293: #NowPlaying | N293: ChillVibes | O293: =IF(AND(C293>='Task 1.2'!$B$2,C293<='Task 1.2'!$C$2),"During","Before") -> Before | P293: =AVERAGEIF(O293:O591,"Before",Posts[[#This Row],[engagement rate]]) -> 8.0560525 | Q293: 6.9657639 | R293: =Posts[[#This Row],[Avg. During]]-Posts[[#This Row],[Avg. Before]]/Posts[[#This Row],[Avg. Before]] -> 5.9657639 | S293: 13.397147
A294: SP293 | B294: YouTube | C294: 45765 | D294: Reel | E294: Your weekend playlist is waiting. | F294: 1265 | G294: 230 | H294: 364 | I294: 41312 | J294: 50382 | K294: 106 | L294: #DiscoverWeekly | M294: #SoundtrackOfLife | N294: SummerBeats | O294: =IF(AND(C294>='Task 1.2'!$B$2,C294<='Task 1.2'!$C$2),"During","Before") -> Before | P294: =AVERAGEIF(O294:O592,"Before",Posts[[#This Row],[engagement rate]]) -> 7.2930389 | Q294: 6.8049058 | R294: =Posts[[#This Row],[Avg. During]]-Posts[[#This Row],[Avg. Before]]/Posts[[#This Row],[Avg. Before]] -> 5.8049058 | S294: 4.7564872
... A300: SP299 | B300: Twitter | C300: 45303 | D300: Story | E300: Wrapped is here! Relive your top tracks ðŸŽ§ | F300: 2227 | G300: 494 | H300: 161 | I300: 51651 | J300: 68074 | K300: 240 | L300: #DiscoverWeekly | M300: #MusicForEveryone | N300: ChillVibes | O300: =IF(AND(C300>='Task 1.2'!$B$2,C300<='Task 1.2'!$C$2),"During","Before") -> Before | P300: =AVERAGEIF(O300:O598,"Before",Posts[[#This Row],[engagement rate]]) -> 6.0444135 | Q300: 9.7093452 | R300: =Posts[[#This Row],[Avg. During]]-Posts[[#This Row],[Avg. Before]]/Posts[[#This Row],[Avg. Before]] -> 8.7093452 | S300: 6.0444135

Sheet Task 1.1
A1: Week_Start_Date | B1: Platform | C1: New_Followers | D1: Unfollows | E1: Total_Followers | F1: Engagement_Rate | G1: Ad_Spend | H1: ROI | I1: Net Follower Growth | J1: Campaign
A2: 45446 | B2: Instagram | C2: 1402 | D2: 68 | E2: 124562 | F2: 9.92 | G2: 23125 | H2: =Engagement_Summary[[#This Row],[Engagement_Rate]]/Engagement_Summary[[#This Row],[Ad_Spend]]*100 -> 0.042897297 | I2: =Engagement_Summary[[#This Row],[New_Followers]]-Engagement_Summary[[#This Row],[Unfollows]] -> 1334 | J2: =INDEX(Engagement_Summary[Week_Start_Date],MATCH(MAX(I2:I201),I2:I201,0))& "-" & INDEX(B2:B201,MATCH(MAX(I2:I201),I2:I201,0)) -> 45453-Twitter
A3: 45446 | B3: Twitter | C3: 995 | D3: 86 | E3: 227958 | F3: 8.05 | G3: 22788 | H3: =Engagement_Summary[[#This Row],[Engagement_Rate]]/Engagement_Summary[[#This Row],[Ad_Spend]]*100 -> 0.03532561 | I3: =Engagement_Summary[[#This Row],[New_Followers]]-Engagement_Summary[[#This Row],[Unfollows]] -> 909 | J3: =INDEX(Engagement_Summary[Week_Start_Date],MATCH(MAX(I3:I202),I3:I202,0))& "-" & INDEX(B3:B202,MATCH(MAX(I3:I202),I3:I202,0)) -> 45453-Twitter
A4: 45446 | B4: YouTube | C4: 1472 | D4: 296 | E4: 370242 | F4: 7.72 | G4: 7810 | H4: =Engagement_Summary[[#This Row],[Engagement_Rate]]/Engagement_Summary[[#This Row],[Ad_Spend]]*100 -> 0.098847631 | I4: =Engagement_Summary[[#This Row],[New_Followers]]-Engagement_Summary[[#This Row],[Unfollows]] -> 1176 | J4: =INDEX(Engagement_Summary[Week_Start_Date],MATCH(MAX(I4:I203),I4:I203,0))& "-" & INDEX(B4:B203,MATCH(MAX(I4:I203),I4:I203,0)) -> 45446-Twitter
A5: 45453 | B5: Instagram | C5: 1018 | D5: 90 | E5: 92474 | F5: 9.4 | G5: 11966 | H5: =Engagement_Summary[[#This Row],[Engagement_Rate]]/Engagement_Summary[[#This Row],[Ad_Spend]]*100 -> 0.078555908 | I5: =Engagement_Summary[[#This Row],[New_Followers]]-Engagement_Summary[[#This Row],[Unfollows]] -> 928 | J5: =INDEX(Engagement_Summary[Week_Start_Date],MATCH(MAX(I5:I204),I5:I204,0))& "-" & INDEX(B5:B204,MATCH(MAX(I5:I204),I5:I204,0)) -> 45446-Twitter
A6: 45453 | B6: Twitter | C6: 1461 | D6: 64 | E6: 328902 | F6: 9.02 | G6: 26298 | H6: =Engagement_Summary[[#This Row],[Engagement_Rate]]/Engagement_Summary[[#This Row],[Ad_Spend]]*100 -> 0.034299186 | I6: =Engagement_Summary[[#This Row],[New_Followers]]-Engagement_Summary[[#This Row],[Unfollows]] -> 1397 | J6: =INDEX(Engagement_Summary[Week_Start_Date],MATCH(MAX(I6:I205),I6:I205,0))& "-" & INDEX(B6:B205,MATCH(MAX(I6:I205),I6:I205,0)) -> 45446-Twitter
A7: 45453 | B7: YouTube | C7: 545 | D7: 93 | E7: 391621 | F7: 9.96 | G7: 22029 | H7: =Engagement_Summary[[#This Row],[Engagement_Rate]]/Engagement_Summary[[#This Row],[Ad_Spend]]*100 -> 0.045213128 | I7: =Engagement_Summary[[#This Row],[New_Followers]]-Engagement_Summary[[#This Row],[Unfollows]] -> 452 | J7: =INDEX(Engagement_Summary[Week_Start_Date],MATCH(MAX(I7:I206),I7:I206,0))& "-" & INDEX(B7:B206,MATCH(MAX(I7:I206),I7:I206,0)) -> 45586-Twitter
A8: 45460 | B8: Instagram | C8: 881 | D8: 291 | E8: 95885 | F8: 5.29 | G8: 12391 | H8: =Engagement_Summary[[#This Row],[Engagement_Rate]]/Engagement_Summary[[#This Row],[Ad_Spend]]*100 -> 0.042692277 | I8: =Engagement_Summary[[#This Row],[New_Followers]]-Engagement_Summary[[#This Row],[Unfollows]] -> 590 | J8: =INDEX(Engagement_Summary[Week_Start_Date],MATCH(MAX(I8:I207),I8:I207,0))& "-" & INDEX(B8:B207,MATCH(MAX(I8:I207),I8:I207,0)) -> 45586-Twitter
A9: 45460 | B9: Twitter | C9: 1414 | D9: 131 | E9: 245947 | F9: 8.3 | G9: 14477 | H9: =Engagement_Summary[[#This Row],[Engagement_Rate]]/Engagement_Summary[[#This Row],[Ad_Spend]]*100 -> 0.05733232 | I9: =Engagement_Summary[[#This Row],[New_Followers]]-Engagement_Summary[[#This Row],[Unfollows]] -> 1283 | J9: =INDEX(Engagement_Summary[Week_Start_Date],MATCH(MAX(I9:I208),I9:I208,0))& "-" & INDEX(B9:B208,MATCH(MAX(I9:I208),I9:I208,0)) -> 45586-Twitter
A10: 45460 | B10: YouTube | C10: 1472 | D10: 170 | E10: 250428 | F10: 4.66 | G10: 25040 | H10: =Engagement_Summary[[#This Row],[Engagement_Rate]]/Engagement_Summary[[#This Row],[Ad_Spend]]*100 -> 0.018610224 | I10: =Engagement_Summary[[#This Row],[New_Followers]]-Engagement_Summary[[#This Row],[Unfollows]] -> 1302 | J10: =INDEX(Engagement_Summary[Week_Start_Date],MATCH(MAX(I10:I209),I10:I209,0))& "-" & INDEX(B10:B209,MATCH(MAX(I10:I209),I10:I209,0)) -> 45579-Twitter
A11: 45467 | B11: Instagram | C11: 809 | D11: 197 | E11: 87186 | F11: 9.48 | G11: 22619 | H11: =Engagement_Summary[[#This Row],[Engagement_Rate]]/Engagement_Summary[[#This Row],[Ad_Spend]]*100 -> 0.041911667 | I11: =Engagement_Summary[[#This Row],[New_Followers]]-Engagement_Summary[[#This Row],[Unfollows]] -> 612 | J11: =INDEX(Engagement_Summary[Week_Start_Date],MATCH(MAX(I11:I210),I11:I210,0))& "-" & INDEX(B11:B210,MATCH(MAX(I11:I210),I11:I210,0)) -> 45579-Twitter
A12: 45467 | B12: Twitter | C12: 1371 | D12: 250 | E12: 128620 | F12: 7.11 | G12: 12399 | H12: =Engagement_Summary[[#This Row],[Engagement_Rate]]/Engagement_Summary[[#This Row],[Ad_Spend]]*100 -> 0.057343334 | I12: =Engagement_Summary[[#This Row],[New_Followers]]-Engagement_Summary[[#This Row],[Unfollows]] -> 1121 | J12: =INDEX(Engagement_Summary[Week_Start_Date],MATCH(MAX(I12:I211),I12:I211,0))& "-" & INDEX(B12:B211,MATCH(MAX(I12:I211),I12:I211,0)) -> 45579-Twitter
A13: 45467 | B13: YouTube | C13: 844 | D13: 144 | E13: 126015 | F13: 9.65 | G13: 22456 | H13: =Engagement_Summary[[#This Row],[Engagement_Rate]]/Engagement_Summary[[#This Row],[Ad_Spend]]*100 -> 0.042972925 | I13: =Engagement_Summary[[#This Row],[New_Followers]]-Engagement_Summary[[#This Row],[Unfollows]] -> 700 | J13: =INDEX(Engagement_Summary[Week_Start_Date],MATCH(MAX(I13:I212),I13:I212,0))& "-" & INDEX(B13:B212,MATCH(MAX(I13:I212),I13:I212,0)) -> 45572-Twitter
... A201: 45908 | B201: Twitter | C201: 860 | D201: 244 | E201: 348686 | F201: 5.12 | G201: 11418 | H201: =Engagement_Summary[[#This Row],[Engagement_Rate]]/Engagement_Summary[[#This Row],[Ad_Spend]]*100 -> 0.044841478 | I201: =Engagement_Summary[[#This Row],[New_Followers]]-Engagement_Summary[[#This Row],[Unfollows]] -> 616 | J201: =INDEX(Engagement_Summary[Week_Start_Date],MATCH(MAX(I201:I400),I201:I400,0))& "-" & INDEX(B201:B400,MATCH(MAX(I201:I400),I201:I400,0)) -> 45446-Twitter

Sheet Task 1.2
A1: Campaign_Name | B1: Start_Date | C1: End_Date | D1: Objective | E1: Total_Budget | F1: Target_Platforms | G1: Primary_Hashtags.1 | H1: Primary_Hashtags.2
A2: SummerBeats | B2: 45458 | C2: 45488 | D2: Brand Awareness | E2: 175000 | F2: Instagram,YouTube | G2: #SpotifyWrapped | H2: #MusicForEveryone
A3: Wrapped2024 | B3: 45627 | C3: 45657 | D3: Engagement | E3: 225000 | F3: Twitter,YouTube | G3: #SpotifyWrapped | H3: #NowPlaying
A4: ChillVibes | B4: 45667 | C4: 45698 | D4: Product Launch | E4: 200000 | F4: Instagram,Twitter | G4: #ChillVibes | H4: #SoundtrackOfLife
A5: IndieWave | B5: 45717 | C5: 45747 | D5: Traffic | E5: 160000 | F5: Facebook,Instagram | G5: #DiscoverWeekly | H5: #IndieWave

Sheet Task 2
A1: : Engagement Analysis
A3: Calculated Engagement Rate per platform | E3: Identify Top 10 posts by engagement rate
A4: Platform | B4: Sum of Engaement Rate | E4: Engaement Rate | F4: Column Labels
A5: Instagram | B5: 8.4790608 | E5: Posts | F5: Instagram | G5: Twitter | H5: YouTube | I5: Grand Total
A6: Twitter | B6: 8.5905584 | E6: SP007 | F6: Null | G6: 26.064752 | H6: Null | I6: 26.064752
A7: YouTube | B7: 8.2324152 | E7: SP106 | F7: Null | G7: 23.193025 | H7: Null | I7: 23.193025
E8: SP186 | F8: Null | G8: 22.967525 | H8: Null | I8: 22.967525
E9: SP279 | F9: Null | G9: 20.44586 | H9: Null | I9: 20.44586
A10: Average Clicks per post by Hashtag | E10: SP050 | F10: Null | G10: 20.241061 | H10: Null | I10: 20.241061
A11: Hastag | B11: Average of Clicks | E11: SP022 | F11: 19.548583 | G11: Null | H11: Null | I11: 19.548583
A12: #DiscoverWeekly | B12: 197.16923 | E12: SP157 | F12: Null | G12: Null | H12: 19.390492 | I12: 19.390492
A13: #MusicForEveryone | B13: 171.87879 | E13: SP248 | F13: Null | G13: Null | H13: 19.261223 | I13: 19.261223
A14: #NowPlaying | B14: 190.7193 | E14: SP136 | F14: Null | G14: 18.723442 | H14: Null | I14: 18.723442
A15: #SoundtrackOfLife | B15: 191.78481 | E15: SP068 | F15: Null | G15: 18.517979 | H15: Null | I15: 18.517979
A18: Total Likes, Shares, Comments by Content Type and Platform | F18: Highlight Top-performing hashtags using ranking formulas.
A19: Platform | B19: Total Likes | C19: Total Shares | D19: Total Comments | F19: Hastag | G19: Engaement Rate | H19: Top-performing hashtags
A20: Twitter | B20: 450295 | C20: 45498 | D20: 31577 | F20: #SoundtrackOfLife | G20: 9.1045015 | H20: =RANK(G20,$G$20:G$27,0)+COUNTIF($G$20:G20,G20)-1 -> 1
A21: Instagram | B21: 249590 | C21: 28853 | D21: 20421 | F21: #NowPlaying | G21: 9.1045015 | H21: =RANK(G21,$G$20:G$27,0)+COUNTIF($G$20:G21,G21)-1 -> 2
A22: YouTube | B22: 195407 | C22: 18618 | D22: 14671 | F22: #MusicForEveryone | G22: 8.5816035 | H22: =RANK(G22,$G$20:G$27,0)+COUNTIF($G$20:G22,G22)-1 -> 3
F23: #NowPlaying | G23: 8.5816035 | H23: =RANK(G23,$G$20:G$27,0)+COUNTIF($G$20:G23,G23)-1 -> 4
F24: #DiscoverWeekly | G24: 8.0861652 | H24: =RANK(G24,$G$20:G$27,0)+COUNTIF($G$20:G24,G24)-1 -> 6
F25: #MusicForEveryone | G25: 7.8251378 | H25: =RANK(G25,$G$20:G$27,0)+COUNTIF($G$20:G25,G25)-1 -> 8
F26: #SoundtrackOfLife | G26: 8.5733876 | H26: =RANK(G26,$G$20:G$27,0)+COUNTIF($G$20:G26,G26)-1 -> 5
F27: #SpotifyWrapped | G27: 7.9599596 | H27: =RANK(G27,$G$20:G$27,0)+COUNTIF($G$20:G27,G27)-1 -> 7

Sheet Task 3
A1: Platform Performance Analysis
A4: platform yields highest engagement | D4: Weakly Growth Rate by platfrom | G4: Visualized Ad Spend vs. Engagement using charts
A5: Platform | B5: engagement rate | D5: Platform | E5: Sum of Grouth rate | H5: Values
A6: Twitter | B6: 0.34492968 | D6: Twitter | E6: 0.3437384 | G6: Platform | H6: Total Ad_Spend | I6: Total Engagement_Rate
A7: YouTube | B7: 0.33155388 | D7: YouTube | E7: 0.34040894 | G7: Instagram | H7: 1035942 | I7: 432.7
A8: Instagram | B8: 0.32351644 | D8: Instagram | E8: 0.31585266 | G8: Twitter | H8: 1114204 | I8: 461.34
A9: Grand Total | B9: 1 | D9: Grand Total | E9: 1 | G9: YouTube | H9: 1065782 | I9: 443.45
G10: Grand Total | H10: 3215928 | I10: 1337.49

Sheet Task 4
A1: : Hashtag & Content Strategy
A3: Frequent hashtags and average | D3: Compare content types (Text, Story,Reel) performance across platforms
A4: Row Labels | B4: Sum of Engaement Rate | E4: Column Labels
A5: #DiscoverWeekly | B5: 8.0861652 | D5: Row Labels | E5: Instagram | F5: Twitter | G5: YouTube
A6: #MusicForEveryone | B6: 7.8251378 | D6: Reel | E6: Null | F6: Null | G6: 8.5733876
A7: #SoundtrackOfLife | B7: 8.5733876 | D7: Story | E7: 8.720069 | F7: 8.6321496 | G7: Null
A8: #SpotifyWrapped | B8: 7.9599596 | D8: Text | E8: 8.4006311 | F8: 8.5286186 | G8: 7.9599596
A9: #MusicForEveryone | B9: 8.5816035
A10: #NowPlaying | B10: 8.5816035
A11: #SoundtrackOfLife | B11: 9.1045015
A12: #NowPlaying | B12: 9.1045015
A14: Recommended optimal content type-platform combinations
A15: Sum of Engaement Rate | B15: Column Labels
A16: Row Labels | B16: Reel | C16: Story | D16: Text
A17: Instagram | B17: Null | C17: 8.720069 | D17: 8.4006311
A18: Twitter | B18: Null | C18: 8.6321496 | D18: 8.5286186
A19: YouTube | B19: 8.5733876 | C19: Null | D19: 7.9599596
A20: Grand Total | B20: 8.5733876 | C20: 8.6489153 | D20: 8.3459327

Sheet Task 5
A1: Campaign Effectiveness
A4: Total & average impressions, likes, clicks per campaign | I4: Campaign with highest ROI
A5: Compaign Name | B5: Total Impressions | C5: Average Impressions | D5: Total Likes | E5: Average Likes | F5: Total Clicks | G5: Average Clicks | I5: Platfrom | J5: Sum of ROI
A6: ChillVibes | B6: 6303109 | C6: 41196.791 | D6: 469151 | E6: 3066.3464 | F6: 28438 | G6: 185.86928 | I6: Instagram | J6: 3.4025884
A7: IndieWave | B7: 4039305 | C7: 42971.33 | D7: 274455 | E7: 2919.734 | F7: 18717 | G7: 199.11702 | I7: YouTube | J7: 3.3819656
A8: SummerBeats | B8: 1233853 | C8: 42546.655 | D8: 89871 | E8: 3099 | F8: 5557 | G8: 191.62069 | I8: Twitter | J8: 3.3716159
A9: Wrapped2024 | B9: 865406 | C9: 37626.348 | D9: 61815 | E9: 2687.6087 | F9: 4614 | G9: 200.6087
A16: Row Labels | B16: Average of engagement rate | C16: Avg. Before | D16: Avg. During | E16: Uplift %
A17: ChillVibes | B17: 10.078572 | C17: 9.3821799 | D17: 9.3109915 | E17: 0.51179461
A18: IndieWave | B18: 9.3114925 | C18: 9.3768592 | D18: 9.6644775 | E18: 0.31410727
A19: SummerBeats | B19: 9.47992 | C19: 9.321371 | D19: 9.1645527 | E19: 0.096093988
A20: Wrapped2024 | B20: 10.155129 | C20: 9.4188001 | D20: 9.5445333 | E20: 0.076928631

Sheet Task 6
A1: Follower Retention & Loyalty
E3: Correlation between Ad Spend vs. Follower Growth
A4: Identify week with highest net follower gain | E4: Month | F4: Net Follower Growth | G4: Ad_Spend
A5: Date(WEEK) | B5: Net Follower Growth | E5: Instagram | F5: 51038 | G5: 1035942
A6: 04-11-2024 - 10-11-2024 | B6: 3576 | E6: Jan | F6: 1693 | G6: 58855
A7: 19-05-2025 - 25-05-2025 | B7: 3569 | E7: Feb | F7: 2752 | G7: 57892
A8: 03-06-2024 - 09-06-2024 | B8: 3419 | E8: Mar | F8: 3389 | G8: 73741
A9: 07-04-2025 - 13-04-2025 | B9: 3291 | E9: Apr | F9: 3363 | G9: 60108
A10: 28-07-2025 - 03-08-2025 | B10: 3236 | E10: May | F10: 3468 | G10: 61392
A11: 14-04-2025 - 20-04-2025 | B11: 3216 | E11: Jun | F11: 6051 | G11: 160023
A12: 17-06-2024 - 23-06-2024 | B12: 3175 | E12: Jul | F12: 7024 | G12: 120585
A13: 08-07-2024 - 14-07-2024 | B13: 3155 | E13: Aug | F13: 7117 | G13: 107096
A14: 30-09-2024 - 06-10-2024 | B14: 3151 | E14: Sep | F14: 5560 | G14: 92491
A15: 12-08-2024 - 18-08-2024 | B15: 3072 | E15: Oct | F15: 3573 | G15: 77141
E16: Nov | F16: 3532 | G16: 65963
E17: Dec | F17: 3516 | G17: 100655
E18: Grand Total | F18: 51038 | G18: 1035942
A20: Moving average chart to analyze follower trends
A21: Row Labels | B21: Average of Total_Followers
A22: Jan | B22: 256182
A23: Feb | B23: 242667.83
A24: Mar | B24: 227335.6
A25: Apr | B25: 292280
A26: May | B26: 265169.75
A27: Jun | B27: 195290.41
A28: Jul | B28: 231686.48
A29: Aug | B29: 195875.12
A30: Sep | B30: 280302.75
A31: Oct | B31: 216362.08
A32: Nov | B32: 245019
A33: Dec | B33: 202944.73
A34: Grand Total | B34: 232509.04
